Name,WOD 1,WOD 2,WOD 3
CHRISTINE TENSLEY,360.0,37.0,200.0
MICHELLE SUOZZI,436.0,35.0,195.0
ALLISON CARLEY,363.0,33.0,195.0
KAREN  MCCADAM,445.0,32.0,200.0
LAURA NIELSEN ,495.0,34.0,205.0
ERIN CARTER,357.0,32.0,192.0
SHANNON  O’DELL,470.0,32.0,198.0
MARINA NOVELLI,495.0,34.0,187.0
LORI BARTH,569.0,37.0,213.0
MELISSA WISTROM,402.0,31.0,185.0
TRACEY MAURICE,422.0,31.0,185.0
KATIE KRUSE,478.0,31.0,185.0
SARAH HOWARD-CARTER,588.0,33.0,210.0
INGUNN LUDVIKSDOTTIR,487.0,28.0,198.5
KATHRYN AUSTIN,538.0,32.0,187.0
JESSICA MANFRO,489.0,30.0,182.0
REGINA  LOGRASSO,562.0,31.0,187.0
DANICA ROLFE,511.0,31.0,175.0
HEATHER WOOD,540.0,29.0,180.0
CRISTY LEBLANC-ROSE,617.0,29.0,205.0
AIDA  KOEPPLINGER,446.0,26.0,180.0
JESSICA MARTINEZ,509.0,29.0,175.0
DEBORA DIEGAS,686.0,31.0,225.0
LISA  LAKE ,545.0,26.0,183.0
JACKIE CLARK,543.0,27.0,180.0
AMY CHATFIELD,585.0,28.0,185.0
JENN SHORT,601.0,30.0,180.0
DANYA ARMSTRONG ,472.0,26.0,167.0
ALEXANDRA KOLAM,696.0,29.0,200.0
KATRINA LYNCH-ALLEN,684.0,32.0,182.0
KIKI HATZIDIMITRIOU,679.0,26.0,200.0
AMY SPEED-ANDREWS ,587.0,26.0,180.0
AMANDA DENNIS,523.0,22.0,180.0
COURTNEY HARRIS,579.0,25.0,180.0
LEIGHA MACIEL,679.0,33.0,167.0
SARA JOY,556.0,29.0,160.0
LUCIANE MACIAS,537.0,25.0,165.0
CAMILLE SALAZAR,502.0,26.0,160.0
CASSANDRA STAMM,546.0,24.0,167.0
LEAH PURVIS,668.0,27.0,180.0
LAMEACE  SALMAN,566.0,24.0,167.0
AMY KIMSEL,665.0,28.0,175.0
HELEN LANGKILDE,619.0,27.0,170.0
MARIA BRUNO,415.0,22.0,157.0
JESSICA FITZGIBBONS,566.0,28.0,155.0
BETHANNE  PLASMAN ,600.0,22.0,180.0
VIRGINIE ROUSSEAU,550.0,24.0,161.0
THERESA DOWNS,571.0,25.0,162.0
JENNIFER  HALEY,594.0,20.0,175.0
ELIZABETH WEIR,608.0,22.0,172.0
CARLA JOYCE,712.0,26.0,175.0
STACEY GILMORE,654.0,24.0,166.0
ANDREIA NAVES,765.0,22.0,186.0
JAMIE  LEAVELL,548.0,20.0,155.0
JESSICA FOX,630.0,19.0,168.0
DOMINIKA SULEK,627.0,24.0,155.0
JESSI ALBIN,610.0,18.0,165.0
KENDRA  PODIELSKY ,720.0,24.0,165.0
AMY BEATTY,716.0,26.0,155.0
VANESSA SWEAZEY,834.0,29.0,155.0
JEANETTE SCHACHER,569.0,20.0,145.0
JULIE TUCKER,602.0,22.0,145.0
TIFFANY KEMPTON,734.0,23.0,165.0
SHANA KRANT,659.0,22.0,155.0
KINSLEY-MARISSA  OGARROW,705.0,15.0,175.0
TASHA CHRISTIE,682.0,18.0,165.0
SHELLY PETERSON,493.0,14.0,137.0
KARIN JONCZAK,671.0,21.0,155.0
NICOLE COWELL,815.0,23.0,165.0
CAMELIA BUSE,679.0,19.0,160.0
TIFFANY PELTIER,762.0,21.0,167.0
JULIE CARROLL,704.0,18.0,165.0
JESSIE SCHAUB,582.0,18.0,145.0
ERIN DUGAN,740.0,23.0,157.0
CHRISTINE  YOUNG,611.0,17.0,150.0
ISSELA FELIX,720.0,29.0,185.0
RENE BRECHTEL,718.0,24.0,145.0
MICHELLE TIDWELL,689.0,19.0,150.0
ALISON GARDNER,648.0,15.0,147.0
AMY BATES,505.0,10.0,125.0
ROCHELLE THAYER,606.0,15.0,145.0
JULIE DESCHENES,720.0,21.0,145.0
ERICA GIOVINAZZO,698.0,15.0,150.0
LISA WOOD,628.0,15.0,143.0
CLARISSA ELSNER,711.0,18.0,145.5
RACHEL VITALE,757.0,16.0,160.0
REBECCA PREECE,782.0,19.0,155.0
ASHLEY MORICI,752.0,20.0,145.0
BECKY COOTS-KIMBLEY,653.0,12.0,145.0
LILY CHO,740.0,15.0,150.0
MAGGIE REZENDE,588.0,9.0,126.0
BROOKE ROUNDY,835.0,20.0,145.0
AMANDA SHERLOCK,886.0,24.0,135.0
WENDY MARTINEZ,818.0,15.0,145.0
RACHEL PHAM,749.0,13.0,137.0
DANA STEPHENS,720.0,11.0,135.0
TRACY  PRECIOUS ,719.0,10.0,130.0
TIFFANY CHRISTIANSEN,745.0,11.0,135.0
JENNY  PARKER,870.0,14.0,140.0
ANGIE VENABLE,878.0,13.0,140.0
CORINNE COOK,881.0,13.0,135.0
SUSIE GUNNELS,878.0,11.0,135.0
YANA GIBBS,882.0,9.0,130.0
SHAUNA BEALS,865.0,9.0,120.0
TRACY PORREVECCHIO,917.0,8.0,122.0
JULIA FERREIRA,681.0,15.0,85.0
CAROLINE NICOLE,0,27.0,195.0
ROSALINA  GONZALEZ ,585.0,0,0
ANU RATHORE,0,0,0
BRONWYN  CLACHER,0,0,0
COLLEEN MACK,0,0,0
DANYAH RIVIETZ,0,0,0
JACI CALE,0,0,0
JACQUELYN  LUNSFORD ,0,0,0
JEN IVAY,0,0,0
JENNIFER  MURZYN,0,0,0
JENNIFER CASTRO,0,0,0
JENNIFER RODRIGUEZ,0,0,0
JENNIFER ROTHWELL,0,0,0
JILLIAN HERBST,0,0,0
KIM BUECHLER,0,0,0
KIMBERLY MULLINS,0,0,0
KOREY LACHAPELLE,0,0,0
LYNN CASSOTIS,0,0,0
MACHELLE  DONAHOO,0,0,0
MICHELLE NUNO,0,0,0
MYCO STIBB,0,0,0
NICOLE SAMIDA,0,0,0
PAIGE  MILLSPAUGH,0,0,0
PETRA FLYNT,0,0,0
RONDEL SPIRES,0,0,0
ROXANNE ZOBAVA,0,0,0
SERINA  SEILER,0,0,0
STEPHANIE CHINA,0,0,0
STEPHANIE MARRA,0,0,0
TARA ROBERTS,0,0,0
TONYA UNDERWOOD,0,0,0
